Player;Team;Wins;Losses;KDA;Kill;Death;Assists;LH;DN;GPM;XPM;Position;Inv_Status;Region;Tournament_Result;Changed_Teams;Total_Games;Outcome
goddam;_PowerRangers;3;5;4.17;5.5;3;7;278.75;11.38;550;516;1;1;EU;0;1;8;1
chshrct;_PowerRangers;3;5;2.42;2.5;3.88;6.88;216.75;4.63;454;433;2;1;EU;0;1;8;1
Ar1sE-;_PowerRangers;3;5;4.52;3.88;2.63;8;167.63;13;391;435;3;1;EU;0;1;8;1
Bignum;_PowerRangers;3;5;2.66;1.88;4;8.75;86.75;2.38;280;265;4;1;EU;0;1;8;1
j4;_PowerRangers;3;5;2.13;2.88;5;7.75;43.88;3.25;246;259;5;1;EU;0;1;8;1
n0tail;Acion Arena Pro Team;1;7;2.54;7.75;6;7.5;336.63;14.25;576;483;1;1;SEA;0;1;8;-1
Armel!;Acion Arena Pro Team;1;7;2.33;5.75;7.13;10.88;228;6.63;480;458;2;1;SEA;0;1;8;-1
skemberlulu;Acion Arena Pro Team;1;7;2.35;3;6.5;12.25;182.5;5.13;386;382;3;1;SEA;0;1;8;-1
FLYSOLO;Acion Arena Pro Team;1;7;1.9;2;7.75;12.75;62.38;1;275;309;4;1;SEA;0;1;8;-1
Shadow Priest;Acion Arena Pro Team;1;7;1.69;3;7.38;9.5;38;2.63;235;233;5;1;SEA;0;1;8;-1
Alliance.AdmiralBulldog;Alliance;6;6;3.07;5.58;4.75;9;290;8.67;523;490;1;2;EU;10;0;12;1
Alliance.Lod[A].HyperX;Alliance;6;6;3.16;3.75;4.58;10.75;300.58;13.17;487;469;2;2;EU;10;0;12;1
Alliance.s4;Alliance;6;6;2.88;7.25;5.58;8.83;266.92;8;469;482;3;2;EU;10;0;12;1
Alliance.EGM;Alliance;6;6;2.41;2.42;6.25;12.67;59.67;3.25;251;286;4;2;EU;10;0;12;1
Alliance.Akke;Alliance;6;6;2.05;1.83;6.17;10.83;53.92;2.33;241;249;5;2;EU;10;0;12;1
CDEC.Super;CDEC Gaming;5;5;5.37;8;3.5;10.8;379.1;9.1;544;491;1;1;CN;0;1;10;1
CDEC.Rabbit;CDEC Gaming;5;5;6.93;8.1;2.8;11.3;291.2;13.2;510;478;2;1;CN;0;1;10;1
CDEC.Yao;CDEC Gaming;5;5;5.37;3.1;3;13;134;4.9;336;343;3;1;CN;0;1;10;1
CDEC.garder;CDEC Gaming;5;5;4.97;3.2;3.9;16.2;69;1.8;280;275;4;1;CN;0;0;10;1
CDEC.Q;CDEC Gaming;5;5;3.26;3;5;13.3;69.7;3.4;252;251;5;1;CN;0;0;10;1
CDEC.Y.Ame;CDEC.Youth;8;6;4.69;7.86;3.43;8.21;369.93;9.36;641;556;1;1;CN;0;0;14;1
CDEC.Y.Inflame;CDEC.Youth;8;6;2.96;4.57;4.79;9.57;203.14;12.14;436;444;2;1;CN;0;0;14;1
CDEC.Y.Xz;CDEC.Youth;8;6;4.26;2.79;3.57;12.43;152.29;4.57;366;388;3;1;CN;0;1;14;1
CDEC.Y.Victoria;CDEC.Youth;8;6;2.55;3.36;5.36;10.29;54.21;1.07;263;271;4;1;CN;0;1;14;1
CDEC.Y.Darkrai;CDEC.Youth;8;6;3.38;3.36;4.64;12.36;37.86;1.57;249;271;5;1;CN;0;0;14;1
coL.Chessie;compLexity Gaming;1;6;2.06;3.57;4.71;6.14;183.57;7.57;452;417;1;2;EU;9;0;7;1
coL.swindlezz;compLexity Gaming;1;6;1.22;1.71;5.86;5.43;165.14;9.86;404;384;2;2;AM;9;0;7;1
coL.Limmp;compLexity Gaming;1;6;2.3;2.57;4.29;7.29;138;14;385;384;3;2;EU;9;0;7;1
coL.Handsken;compLexity Gaming;1;6;1.97;3.29;5;6.57;44.14;1.43;261;256;4;2;EU;9;0;7;1
coL.Zfreek;compLexity Gaming;1;6;1.44;1.43;5.57;6.57;44.86;1;257;255;5;2;AM;9;0;7;1
DC.w33;Digital Chaos;20;9;5.8;5.03;2.24;7.97;251.66;9.41;591;545;1;1;EU;11;1;29;1
DC.Resolut1on;Digital Chaos;20;9;7.79;5.97;1.79;8;258.48;13.55;571;519;2;1;EU;11;1;29;1
DC.Moo;Digital Chaos;20;9;3.86;3.34;3.31;9.45;152.38;4.24;426;399;3;1;AM;11;1;29;1
DC.Saksa;Digital Chaos;20;9;4.62;2.59;2.79;10.31;64.31;2.55;307;295;4;1;AM;11;1;29;1
DC.MISERY;Digital Chaos;20;9;3.68;2.45;3.41;10.1;70.24;1.62;302;300;5;1;EU;11;1;29;1
Mason;Dragon Slayerzzz;7;6;6.83;5.31;1.77;6.77;198.85;9.38;535;541;1;0;AM;0;1;13;0
12;Dragon Slayerzzz;7;6;2.96;3.38;3.69;7.54;191.23;8.85;519;474;2;0;AM;0;1;13;0
PoF.Sneyking;Dragon Slayerzzz;7;6;4.61;3.69;2.92;9.77;169.08;4.69;472;446;3;0;AM;0;1;13;0
KyHKyHKyH;Dragon Slayerzzz;7;6;2.82;2.54;3.77;8.08;38.77;0.46;296;268;4;0;AM;0;1;13;0
The Symbol of Peace;Dragon Slayerzzz;7;6;3.54;2.15;2.69;7.38;32;1.92;256;225;5;0;AM;0;1;13;0
EHOME.old eleven;EHOME;11;6;2.92;7.24;5.35;8.41;343.94;18.76;589;532;1;1;CN;0;0;17;1
EHOME.old chicken;EHOME;11;6;3.58;6.12;4.59;10.29;243.29;7.71;495;484;2;1;CN;0;0;17;1
EHOME.iceiceice;EHOME;11;6;4.08;3.41;4.35;14.35;213.41;5.82;429;397;3;1;CN;0;1;17;1
EHOME.LaNm;EHOME;11;6;3.04;3.94;5.65;13.24;97.06;2.71;350;356;4;1;CN;0;0;17;1
EHOME.Fenrir;EHOME;11;6;3.34;3.41;5;13.29;52.82;1.65;278;281;5;1;CN;0;1;17;1
ESC.Era;Escape Gaming;10;6;4.38;6.25;3.31;8.25;346.56;13.69;624;533;1;1;EU;0;1;16;1
ESC.qojqva;Escape Gaming;10;6;4.85;6.75;3;7.81;318.94;9.69;545;471;2;1;EU;0;1;16;1
ESC.KheZzu;Escape Gaming;10;6;3.53;2.63;3.75;10.63;190.75;6.81;416;424;3;1;EU;0;1;16;1
ESC.YapzOr;Escape Gaming;10;6;3.37;2.63;4.75;13.38;147.5;3.88;358;357;4;1;EU;0;1;16;1
ESC.syndereN;Escape Gaming;10;6;1.75;2.06;6.94;10.06;39.19;2.81;238;276;5;1;EU;0;1;16;1
DC.YS;EverNovaS;0;6;2.95;3.83;3.5;6.5;150.67;11.33;396;424;1;1;AM;0;1;6;-1
^.<;EverNovaS;0;6;2.12;4.33;4.33;4.83;130.83;9.33;379;372;2;1;AM;0;1;6;-1
FDL.DeMoN;EverNovaS;0;6;2.03;2;4.83;7.83;98.17;1.5;324;310;3;1;AM;0;1;6;-1
PoF.wayto;EverNovaS;0;6;3.31;2.5;2.67;6.33;51.83;1.83;276;277;4;1;AM;0;1;6;-1
ENS.FLUFFNSTUFF;EverNovaS;0;6;1.96;1;4.17;7.17;31.83;0.67;231;249;5;1;AM;0;1;6;-1
EG.Suma1L;Evil Geniuses;3;6;3.17;5.67;4.56;8.78;254.78;17.67;513;504;1;2;AM;15;0;9;0
EG.Aui_2000;Evil Geniuses;3;6;3.17;4.89;4;7.78;255.33;11.33;498;484;2;2;AM;15;1;9;0
Secret.BuLba;Evil Geniuses;3;6;3.33;3;4.33;11.44;165.56;4.56;386;373;3;2;AM;15;1;9;0
EG.Fear;Evil Geniuses;3;6;2.47;3.22;5.22;9.67;88.44;0.56;313;324;4;2;AM;15;0;9;0
EG.ppd;Evil Geniuses;3;6;1.95;2.11;6.56;10.67;36.89;0.56;229;258;5;2;AM;15;0;9;0
Abed;Execration;6;7;5.03;7;3;8.08;305.08;10.38;590;556;1;1;SEA;0;1;13;1
...;Execration;6;7;2.62;4.92;5;8.15;271.15;10.69;536;511;2;1;SEA;0;0;13;1
TIMS;Execration;6;7;3;2.54;4.54;11.08;108.77;2.92;341;335;3;1;SEA;0;1;13;1
Not today;Execration;6;7;2.36;1.62;5.62;11.62;51.15;1.54;270;273;4;1;SEA;0;1;13;1
Kim0;Execration;6;7;2.52;2.92;4.92;9.46;47.46;4;263;264;5;1;SEA;0;0;13;1
BananaSlamJamma;Exodus;2;4;3.83;6.83;4;8.5;361.17;6.83;648;516;1;0;AM;0;1;6;-1
scumbag loser;Exodus;2;4;2.63;3.17;5.33;10.83;233;5.5;428;388;2;0;AM;0;1;6;-1
Sovereign;Exodus;2;4;3.39;3.83;3.83;9.17;157.5;0.83;403;385;3;0;AM;0;1;6;-1
FlyingZebra;Exodus;2;4;1.83;2.67;6.83;9.83;28.33;0.5;224;248;4;0;AM;0;1;6;-1
fROZEN;Exodus;2;4;1.74;1.83;7.67;11.5;21;1.33;215;229;5;0;AM;0;1;6;-1
RoX.KIS.Sedoy;FlipSid3 Tactics;4;4;3.79;7;4.25;9.13;278.5;8.5;583;541;1;0;EU;0;1;8;1
tmw;FlipSid3 Tactics;4;4;2.84;5.75;5.5;9.88;212.88;8.25;535;497;2;0;EU;0;1;8;1
Shachlo;FlipSid3 Tactics;4;4;2.45;4.38;4.75;7.25;173.5;3.88;441;431;3;0;EU;0;1;8;1
VANSKOR;FlipSid3 Tactics;4;4;2.36;2.13;6.25;12.63;40.25;0.25;289;299;4;0;EU;0;1;8;1
mmmmmmm...;FlipSid3 Tactics;4;4;2.2;2.38;5.63;10;34.75;2.88;262;266;5;0;EU;0;1;8;1
Fnatic.MuShi-;Fnatic;7;8;3.89;4.47;3.8;10.33;305.27;15.67;533;521;1;2;SEA;5;0;15;1
Fnatic.MidOne;Fnatic;7;8;3.81;6.47;4.2;9.53;299.93;14;523;520;2;2;SEA;5;0;15;1
Fnatic.Ohaiyo`;Fnatic;7;8;4.25;3.53;3.67;12.07;222.27;2.33;434;425;3;2;SEA;5;0;15;1
Fnatic.Dj;Fnatic;7;8;2.81;3.13;5.27;11.67;75.33;1.47;271;289;4;2;SEA;5;0;15;1
Fnatic.343;Fnatic;7;8;2.69;2.8;5.2;11.2;49.33;1.6;260;263;5;2;SEA;5;1;15;1
Danse Macabre;Friendship, Dedicatio...;6;7;3.84;6.23;3.77;8.23;266.85;7.85;546;534;1;0;AM;0;1;13;1
CC&C;Friendship, Dedicatio...;6;7;2.25;5.38;5.23;6.38;218;10.62;477;450;2;0;AM;0;1;13;1
poop;Friendship, Dedicatio...;6;7;3.21;3.15;5.23;13.62;190.62;2.23;435;410;3;0;AM;0;1;13;1
Friendship;Friendship, Dedicatio...;6;7;2.84;4.85;5.31;10.23;89.62;0.54;353;345;4;0;AM;0;1;13;1
STAN KING;Friendship, Dedicatio...;6;7;2;1.31;5.77;10.23;25.38;1.23;233;240;5;0;AM;0;1;13;1
sss;FTD Club b;0;8;2.71;6.13;5.13;7.75;377.5;10.75;587;473;1;1;CN;0;1;8;-1
DXM;FTD Club b;0;8;2.77;5.38;5.38;9.5;192.63;14;378;384;2;1;CN;0;1;8;-1
chishi;FTD Club b;0;8;3.14;3.5;4.5;10.63;157.13;4.5;374;375;3;1;CN;0;1;8;-1
???;FTD Club b;0;8;2.36;3.75;6.63;11.88;52.88;1.75;253;265;4;1;CN;0;1;8;-1
??;FTD Club b;0;8;1.6;1.63;7.75;10.75;49;1.88;201;240;5;1;CN;0;1;8;-1
Yuno;iG.Vitality;6;7;3.82;7.08;4.23;9.08;386.38;11.69;571;543;1;1;CN;0;1;13;1
Arimura Kasumi;iG.Vitality;6;7;3.58;8.54;4.92;9.08;350.85;8.15;563;491;2;1;CN;0;1;13;1
iG.V.InJuly;iG.Vitality;6;7;3.7;1.69;4.08;13.38;212.08;1.54;374;376;3;1;CN;0;1;13;1
iG.V.super;iG.Vitality;6;7;2.18;1.92;6.08;11.31;97.23;2.15;275;274;4;1;CN;0;1;13;1
@dogf1ghts;iG.Vitality;6;7;2.16;1.85;6.08;11.31;52.15;1.31;244;242;5;1;CN;0;1;13;1
unknown.Kotaro.sr4ever;Infamous -_^;3;5;2.85;7.13;4.25;5;267.75;12;568;544;1;1;AM;0;1;8;0
unknown. ?Atún??;Infamous -_^;3;5;2.97;6.63;4.38;6.38;227.75;9.88;540;460;2;1;AM;0;1;8;0
Infamous.Greedy.MØ;Infamous -_^;3;5;2.72;2.63;4.5;9.63;139.63;0.88;376;363;3;1;AM;0;1;8;0
BanG;Infamous -_^;3;5;2.31;0.63;4.88;10.63;97.13;1.13;309;283;4;1;AM;0;1;8;0
Infamous.Accelgd;Infamous -_^;3;5;1.69;1.5;5.63;8;76.25;4.38;289;306;5;1;AM;0;1;8;0
iG.Ferrari_430;Invictus Gaming;3;5;3;3.25;3.63;7.63;359.5;7.75;666;525;1;1;CN;0;0;8;1
iG.qd;Invictus Gaming;3;5;4.75;7.13;3;7.13;252.25;16;489;493;2;1;CN;0;1;8;1
iG.Xxs;Invictus Gaming;3;5;2.56;2.88;4.5;8.63;136.63;2.25;358;369;3;1;CN;0;1;8;1
iG.Rong;Invictus Gaming;3;5;1.7;2.38;5.88;7.63;62.5;1.63;250;250;4;1;CN;0;1;8;1
iG.Boboka;Invictus Gaming;3;5;2.09;2.5;5.75;9.5;30.38;0.63;229;291;5;1;CN;0;1;8;1
KP.SingSing;Kaipi;4;4;5.35;4.38;2.5;9;250.63;11;548;503;1;0;CN;0;1;8;0
KP.bOne7;Kaipi;4;4;4.44;6.13;3.13;7.75;220;9.13;482;456;2;0;EU;0;1;8;0
KP.@SexyBamboe;Kaipi;4;4;2.68;3.13;5.13;10.63;141.13;7.13;395;397;3;0;EU;0;1;8;0
KP.ComeWithMe;Kaipi;4;4;2.64;2.88;5.5;11.63;99.63;2.75;328;318;4;0;EU;0;1;8;0
KP.Masakary;Kaipi;4;4;2.31;3.25;5.25;8.88;38.38;3.63;266;284;5;0;EU;0;1;8;0
Zyzzy;Kingdom DotA~;2;7;2.39;5.33;4;4.22;265.44;10;503;473;1;0;AM;0;1;9;-1
Can't Trust No Fukin Body;Kingdom DotA~;2;7;2.31;4.11;4.33;5.89;201.56;14.78;425;400;2;0;AM;0;1;9;-1
LvT.Jenkins;Kingdom DotA~;2;7;1.43;2.11;5.11;5.22;134.33;4.89;329;329;3;0;AM;0;1;9;-1
Newsham;Kingdom DotA~;2;7;1.22;1.22;5.44;5.44;50.89;1.56;227;219;4;0;AM;0;1;9;-1
Sealion;Kingdom DotA~;2;7;1.74;1.22;4.67;6.89;44.67;2.11;217;208;5;0;AM;0;1;9;-1
LGD.Maybe;LGD-GAMING;11;7;7.04;11.11;3;10;377.67;11.61;662;631;1;2;CN;4;0;18;2
LGD.Agressif;LGD-GAMING;11;7;4.93;8.28;4.06;11.72;341.83;20;578;557;2;2;CN;4;1;18;2
LGD.xiao8;LGD-GAMING;11;7;3.44;2.22;5.22;15.72;178.28;4.11;378;399;3;2;CN;4;1;18;2
LGD.Sep;LGD-GAMING;11;7;2.81;2.5;6;14.33;63.56;1.11;280;283;4;2;CN;4;1;18;2
LGD.MMY!;LGD-GAMING;11;7;3.41;2.56;4.61;13.17;39.33;3.39;248;255;5;2;CN;4;0;18;2
Mski.raging-_-potato;Mineski.Sports5;16;10;3.71;7.77;4.35;8.35;283.92;12.35;595;578;1;1;SEA;0;0;26;1
awraawr;Mineski.Sports5;16;10;4.8;5.5;3.46;11.12;231.73;8.85;569;519;2;1;SEA;0;1;26;1
Tilted;Mineski.Sports5;16;10;4.41;3.5;3.85;13.46;202.19;4.62;460;443;3;1;SEA;0;1;26;1
Mski.Julz*;Mineski.Sports5;16;10;3.4;3.38;4.65;12.42;90.54;1.69;346;353;4;1;SEA;0;0;26;1
Banana Pancake;Mineski.Sports5;16;10;2.95;2;4.23;10.5;37.92;1.54;269;287;5;1;SEA;0;1;26;1
MVP.QO;MVP Phoenix;7;7;3.79;8.21;5.07;11;280.07;8.57;547;506;1;2;SEA;6;0;14;2
MVP.MP;MVP Phoenix;7;7;6.93;6.36;2.86;13.43;268.79;10.71;518;486;2;2;SEA;6;0;14;2
MVP.FoREv;MVP Phoenix;7;7;4.03;6.21;5.07;14.21;180;2.71;415;432;3;2;SEA;6;0;14;2
MVP.Febby;MVP Phoenix;7;7;3.67;2.86;5.43;17.07;30.43;0.93;265;288;4;2;SEA;6;0;14;2
DuBu;MVP Phoenix;7;7;2.64;2.29;6.29;14.29;20.43;1.07;224;245;5;2;SEA;6;0;14;2
Ditya Ra;Natus Vincere;6;5;4.78;6;3.64;11.36;311;8.36;518;496;1;2;EU;7;0;11;2
Na`Vi.Dendi;Natus Vincere;6;5;4.14;6.82;4;9.73;242.64;21.36;457;439;2;2;EU;7;0;11;2
Na`Vi.GeneRaL;Natus Vincere;6;5;3.85;4.64;4.18;11.45;213.91;6.09;440;449;3;2;EU;7;1;11;2
??;Natus Vincere;6;5;2.57;2.73;5.55;11.55;141.27;5;344;348;4;2;EU;7;1;11;2
Na`Vi.!!! SoNNeikO !!!;Natus Vincere;6;5;4.04;2.73;4.36;14.91;69;3.73;298;336;5;2;EU;7;0;11;2
Newbee.Hao;Newbee;25;5;7.24;8.37;2.33;8.53;267.27;19.93;606;569;1;1;CN;3;0;30;2
Newbee.Mu;Newbee;25;5;7.56;6.7;2.2;9.93;208.53;13.27;574;519;2;1;CN;3;0;30;2
Newbee.kpii;Newbee;25;5;7.77;2.9;2.07;13.17;177.83;4.8;446;424;3;1;CN;3;1;30;2
Newbee.kaka;Newbee;25;5;4.36;2.77;3.8;13.8;59.17;1.37;321;322;4;1;CN;3;1;30;2
Newbee.ChuaN;Newbee;25;5;5.81;2.93;2.6;12.17;50.63;2.17;293;312;5;1;CN;3;0;30;2
Newbee.Y.FaN;Newbee.Young;1;7;2.3;4.5;5;7;294.88;15.63;528;483;1;0;CN;0;1;8;0
Newbee.Y.Sccc;Newbee.Young;1;7;2.36;3.75;4.88;7.75;250.38;19.75;496;462;2;0;CN;0;0;8;0
Newbee.Y.2Lei;Newbee.Young;1;7;1.64;3.13;6.25;7.13;130.63;3.5;333;346;3;0;CN;0;1;8;0
Newbee.Y.Le;Newbee.Young;1;7;1.8;1.88;5.75;8.5;59.38;1.13;246;241;4;0;CN;0;1;8;0
Newbee.Y.Mrrr;Newbee.Young;1;7;1.57;1.75;5.88;7.5;30.25;1.88;204;242;5;0;CN;0;0;8;0
Ah Ten;Next-Gen VietNam;1;6;2.5;5.14;5.71;9.14;274.14;8.86;454;420;1;0;SEA;0;1;7;-1
Life of the realest;Next-Gen VietNam;1;6;1.62;5.71;7.43;6.29;241.14;7.29;431;407;2;0;SEA;0;1;7;-1
datbb;Next-Gen VietNam;1;6;2.07;3.71;6.14;9;147.86;0.71;345;333;3;0;SEA;0;1;7;-1
PMA;Next-Gen VietNam;1;6;1.93;2;6.43;10.43;129;2.29;302;280;4;0;SEA;0;1;7;-1
Magical;Next-Gen VietNam;1;6;1.34;1.71;8;9;43;3.43;222;211;5;0;SEA;0;1;7;-1
NoT.Benjaz;Not Today !;5;4;4.75;4.78;2.67;7.89;245.89;19.11;530;470;1;1;AM;0;0;9;0
NoT.Leostyle;Not Today !;5;4;3.77;5.44;3.44;7.56;222.22;12.56;519;469;2;1;AM;0;0;9;0
NoT.Kingteka;Not Today !;5;4;3.97;5.11;3.67;9.44;175.44;5.89;440;406;3;1;AM;0;1;9;0
NoT.Jericho;Not Today !;5;4;2.11;1.67;6.33;11.67;37.89;0.44;258;240;4;1;AM;0;1;9;0
NoT.Nightmare;Not Today !;5;4;1.69;2.44;5.78;7.33;32.56;1;250;237;5;1;AM;0;1;9;0
OG.N0tail;OG Dota2;13;5;4.63;4.78;3.17;9.89;260.06;9.44;585;528;1;2;EU;1;0;18;2
OG.Miracle-;OG Dota2;13;5;4.87;8.72;3.39;7.78;227.67;16.39;561;542;2;2;EU;1;0;18;2
OG.Moon;OG Dota2;13;5;4.63;3.06;3.11;11.33;138.28;2.94;380;390;3;2;AM;1;0;18;2
OG.Fly;OG Dota2;13;5;3.66;2.56;3.78;11.28;61.39;3;291;297;4;2;EU;1;0;18;2
OG.Cr1t;OG Dota2;13;5;3.57;2.44;4.22;12.61;39.28;1.17;271;293;5;2;EU;1;0;18;2
syeonix;Orange.Taring;9;6;7.35;8.27;2.67;11.33;338.8;9.6;576;531;1;1;SEA;0;1;15;1
Taring.YamateH;Orange.Taring;9;6;7.33;8.4;2.8;12.13;269.87;11.4;528;510;2;1;SEA;0;1;15;1
Nj;Orange.Taring;9;6;3.94;3.2;4.33;13.87;186;3.67;402;434;3;1;SEA;0;1;15;1
Ice;Orange.Taring;9;6;3.32;2.73;5.13;14.33;69.73;1.27;283;297;4;1;SEA;0;1;15;1
Taring.ling;Orange.Taring;9;6;3;3.47;5.6;13.33;69.13;3;278;316;5;1;SEA;0;1;15;1
Polarity.9pasha;Polarity Dota 2;2;6;3;6.75;5.25;9;335.5;9.25;550;501;1;1;EU;0;1;8;0
meow;Polarity Dota 2;2;6;2.74;4.25;5.25;10.13;303.88;15.75;482;459;2;1;EU;0;1;8;0
Polarity.DkPhobos;Polarity Dota 2;2;6;3;5.13;4.5;8.38;214.38;3.5;398;400;3;1;EU;0;1;8;0
Polarity.Lil;Polarity Dota 2;2;6;3.16;3.63;4.75;11.38;91.63;0.75;303;303;4;1;EU;0;1;8;0
?????????;Polarity Dota 2;2;6;2.13;2;5.88;10.5;41.25;2.38;229;263;5;1;EU;0;1;8;0
MSS;Shazam~;10;6;6.19;7.38;3;11.19;251.38;7.88;576;517;1;1;AM;0;0;16;0
TC;Shazam~;10;6;5.62;6.5;2.94;10;243.13;17.75;520;484;2;1;AM;0;1;16;0
BRAX;Shazam~;10;6;4.5;2.69;3.25;11.94;158.19;4.38;369;375;3;1;AM;0;0;16;0
Shazam.SVG;Shazam~;10;6;5.51;3.75;3.19;13.81;85.25;1.25;313;320;4;1;AM;0;0;16;0
Shazam.Jason;Shazam~;10;6;2.55;2.44;4.75;9.69;32.94;3.19;245;268;5;1;AM;0;1;16;0
SiG.LaKelz;Signature.Dota2;4;4;7.3;10.5;2.88;10.5;286.5;16.25;594;542;1;1;SEA;0;0;8;1
MyPro;Signature.Dota2;4;4;3.49;6.25;4.63;9.88;197.5;11;504;432;2;1;SEA;0;0;8;1
SiG.aabBAA;Signature.Dota2;4;4;5.03;5.88;3.75;13;144.13;4.25;408;435;3;1;SEA;0;0;8;1
Jabz;Signature.Dota2;4;4;3.66;3.5;5.5;16.63;45.38;1.5;296;329;4;1;SEA;0;0;8;1
Boombell;Signature.Dota2;4;4;1.98;1.38;6.88;12.25;23.38;2.75;227;234;5;1;SEA;0;1;8;1
AF.ThuG;Team AD FINEM;12;7;4.9;8.16;4.26;12.74;275.11;9.05;582;547;1;1;EU;0;1;19;1
AF.Madara;Team AD FINEM;12;7;5.24;7.74;3.89;12.68;264.63;9.11;559;527;2;1;EU;0;1;19;1
AF.SkyLark;Team AD FINEM;12;7;4.71;4.89;4;13.95;174.32;6.05;419;396;3;1;EU;0;1;19;1
AF.SsaSpartan;Team AD FINEM;12;7;2.48;3.89;6.95;13.32;57.32;2.63;303;319;4;1;EU;0;1;19;1
AF.Maybe Next Time;Team AD FINEM;12;7;3.28;3.21;5.58;15.11;32.84;1.68;292;301;5;1;EU;0;1;19;1
Empire.Ramzes666;Team Empire;16;15;4.37;8.32;4.16;9.87;307.58;12.81;585;551;1;1;EU;12;1;31;1
Empire.Afterlife;Team Empire;16;15;3.54;4.29;4.68;12.26;205.19;2.06;452;432;2;1;EU;12;1;31;1
Empire.Scandal;Team Empire;16;15;3.24;5.03;4.77;10.42;208.61;11.03;451;448;3;1;EU;12;1;31;1
Empire.Miposhka;Team Empire;16;15;3.47;3.03;5.03;14.42;76.58;2.65;324;311;4;1;EU;12;1;31;1
Empire.KingR?!;Team Empire;16;15;2.82;3.52;5.74;12.68;37.77;2.32;276;276;5;1;EU;12;1;31;1
Freedom.FLee;Team Freedom Dota 2;3;5;4.36;6.38;3.5;8.88;290.88;8.88;564;571;1;1;AM;0;1;8;-1
Freedom.SunBhie;Team Freedom Dota 2;3;5;2.65;6.63;5.75;8.63;256;7.63;538;492;2;1;AM;0;0;8;-1
Freedom.ixmike88;Team Freedom Dota 2;3;5;2.48;3.38;5.5;10.25;196.38;3.63;434;440;3;1;AM;0;0;8;-1
Freedom.Eagle;Team Freedom Dota 2;3;5;1.61;3.63;8.25;9.63;67.13;0.25;289;285;4;1;AM;0;1;8;-1
Freedom.Jubei;Team Freedom Dota 2;3;5;2.26;2.63;5.75;10.38;27;1.13;258;208;5;1;AM;0;0;8;-1
Liquid.FATA-;Team Liquid;15;8;4.52;6.57;3.96;11.3;294.09;8.83;584;532;1;2;EU;2;0;23;2
Liquid.MATUMBAMAN;Team Liquid;15;8;4.78;8.13;3.87;10.35;263.52;9;539;521;2;2;EU;2;0;23;2
Liquid.MinD_ContRoL;Team Liquid;15;8;4.84;3.87;3.7;14;178.91;2.61;405;429;3;2;EU;2;0;23;2
Liquid.KuroKy;Team Liquid;15;8;2.92;3.22;5.7;13.43;73;0.91;293;319;4;2;EU;2;0;23;2
Liquid.JerAx;Team Liquid;15;8;3.86;2.74;4.48;14.57;56.57;2.09;286;340;5;2;EU;2;0;23;2
Secret.EternaLEnVy;Team Secret;1;5;1.82;4.67;5.67;5.67;279.17;10.33;508;508;1;2;AM;16;0;6;0
Secret.Arteezy;Team Secret;1;5;1.86;4.5;5.83;6.33;230.33;7.5;459;441;2;2;AM;16;1;6;0
EG.Universe;Team Secret;1;5;3.61;3;3;7.83;131.5;0.83;339;330;3;2;AM;16;1;6;0
Secret.Puppey;Team Secret;1;5;2.12;1;4.33;8.17;114.33;3.83;304;304;4;2;EU;16;0;6;0
Secret.pieliedie;Team Secret;1;5;2.31;2.17;4.83;9;37;3.17;225;230;5;2;EU;16;0;6;0
Rave.Jeyo;Team-Rave;1;7;2.28;6.38;6.25;7.88;217.38;12;473;445;1;1;SEA;0;1;8;1
Mski.ryOyr;Team-Rave;1;7;3.05;4.25;4.63;9.88;159.38;8.88;410;441;2;1;SEA;0;1;8;1
rapy-;Team-Rave;1;7;2.45;4.88;5.25;8;143.25;4.13;389;385;3;1;SEA;0;1;8;1
nb;Team-Rave;1;7;2.1;2.88;7.25;12.38;58.5;2.13;282;294;4;1;SEA;0;1;8;1
aaa;Team-Rave;1;7;2.22;3.25;5.63;9.25;29.25;1.63;234;255;5;1;SEA;0;1;8;1
TSpirit.Iceberg;Team. Spirit;2;6;2.58;10.25;6.63;6.88;228.5;17.63;510;493;1;1;EU;0;0;8;0
TSpirit.Illidan Stormrage 46sf;Team. Spirit;2;6;2.41;3.88;5.75;10;224.88;13;431;410;2;1;EU;0;1;8;0
TSpirit.Funn1k;Team. Spirit;2;6;2.96;5.88;5.88;11.5;157.25;9.13;411;413;3;1;EU;0;1;8;0
TSpirit.ALWAYSWANAMFLY;Team. Spirit;2;6;1.84;2.38;7.25;11;95.38;2.75;280;280;4;1;EU;0;0;8;0
TSpirit.Goblak;Team. Spirit;2;6;2.93;2.5;5.63;14;58;2.5;266;288;5;1;EU;0;0;8;0
House STARK;The Mongolz;3;5;3.16;7.63;4.63;7;270.38;11.13;541;490;1;1;SEA;0;1;8;1
SANKE STARK;The Mongolz;3;5;3.05;5.75;4.88;9.13;195.63;12.63;465;460;2;1;SEA;0;1;8;1
Masquerade;The Mongolz;3;5;2.35;3.63;6;10.5;138.88;2.5;380;391;3;1;SEA;0;1;8;1
Proxy STARK;The Mongolz;3;5;1.81;2.13;7.88;12.13;74.13;0.63;279;283;4;1;SEA;0;1;8;1
A.STARK;The Mongolz;3;5;1.91;2.5;7.13;11.13;27.5;2.75;253;274;5;1;SEA;0;1;8;1
Wings.????;the wings gaming;3;6;3.41;4.44;3.22;6.56;285.56;9.11;566;507;1;2;CN;13;0;9;1
Wings.shadow;the wings gaming;3;6;4.22;6.78;3;5.89;269.67;16.78;525;503;2;2;CN;13;0;9;1
Wings.Faith_bian;the wings gaming;3;6;2.1;2.78;5.67;9.11;168.22;3.67;372;376;3;2;CN;13;0;9;1
Wings.iceice;the wings gaming;3;6;1.81;1.56;5.89;9.11;77.67;2.67;267;312;4;2;CN;13;0;9;1
Wings.y`;the wings gaming;3;6;2.16;2.22;5;8.56;55.44;1.11;250;245;5;2;CN;13;0;9;1
Raven;TNC Pro Team;11;5;6.91;5.63;2;8.19;270.94;16.69;594;526;1;0;SEA;0;0;16;0
Teehee;TNC Pro Team;11;5;4.49;7.13;3.44;8.31;193.88;16.69;500;520;2;0;SEA;0;0;16;0
Sam H;TNC Pro Team;11;5;6.08;2.63;2.31;11.44;102.88;10.56;349;384;3;0;SEA;0;0;16;0
Eyyou;TNC Pro Team;11;5;4.4;2.88;3.44;12.25;69.94;3.06;314;338;4;0;SEA;0;0;16;0
TNC.Kuku;TNC Pro Team;11;5;3.31;3.44;4;9.81;51.06;2.63;291;309;5;0;SEA;0;1;16;0
uuu9;TongFu|;2;6;4.21;6.63;4.13;10.75;291.38;13.63;532;485;1;1;CN;0;0;8;1
TongFu.Lin;TongFu|;2;6;6.04;7.5;3;10.63;268.88;12.5;510;538;2;1;CN;0;0;8;1
TongFu.Faith;TongFu|;2;6;2.51;2.63;6.38;13.38;148.63;4.13;356;367;3;1;CN;0;0;8;1
lpc;TongFu|;2;6;2.38;3.38;6.25;11.5;79.38;0.88;286;281;4;1;CN;0;0;8;1
kabu;TongFu|;2;6;2.74;2.88;5.38;11.88;43;1;269;306;5;1;CN;0;0;8;1
Vega.fn;Vega Squadron;6;8;3.81;8.93;4.5;8.21;286.07;18.86;571;575;1;1;EU;0;1;14;1
Vega.No[o]ne-?;Vega Squadron;6;8;5.02;5.71;3.93;14;257.57;13.43;497;516;2;1;EU;0;0;14;1
Vega.Mag;Vega Squadron;6;8;4.45;3.64;3.64;12.57;202.79;3.71;447;478;3;1;EU;0;0;14;1
Vega.Solo;Vega Squadron;6;8;3.17;3.71;5.93;15.07;89.14;1.57;318;322;4;1;EU;0;0;14;1
Vega.CeMaTheSlayeR;Vega Squadron;6;8;3.44;3.86;5.07;13.57;53.43;1.43;277;304;5;1;EU;0;0;14;1
VG.Sylar;Vici Gaming;4;5;3.52;4.56;3.22;6.78;233.78;15.33;505;469;1;0;CN;0;1;9;0
VG.CTY;Vici Gaming;4;5;2.97;5;4.11;7.22;222;11.44;477;503;2;0;CN;0;1;9;0
VG.rOtk;Vici Gaming;4;5;1.66;2.33;6.22;8;125.11;4.89;332;299;3;0;CN;0;1;9;0
VG.BurNIng;Vici Gaming;4;5;2.91;2.56;3.56;7.78;50.44;2.78;275;259;4;0;CN;0;0;9;0
VG.hym;Vici Gaming;4;5;2.06;3.11;5.33;7.89;46.78;3.89;269;275;5;0;CN;0;1;9;0
VG.R.NoNo;Vici_Gaming Reborn;4;7;3.44;4.18;3.91;9.27;290.45;7.18;581;491;1;2;CN;0;1;11;1
VG.R.END;Vici_Gaming Reborn;4;7;6.35;7.09;2.36;7.91;272.27;14.91;512;467;2;2;CN;0;1;11;1
VG.R.Yang;Vici_Gaming Reborn;4;7;2.49;3.36;5.36;10;138.64;1.73;338;344;3;2;CN;0;1;11;1
VG.??.Fy;Vici_Gaming Reborn;4;7;2.57;2.45;5.09;10.64;53.82;1.36;248;267;4;2;CN;0;1;11;1
VG.R.ddc;Vici_Gaming Reborn;4;7;2.33;1.55;5;10.09;30;2.09;213;240;5;2;CN;0;1;11;1
VP.G;Virtus.pro;4;4;3.75;11.38;6.5;13;299.75;6.13;640;495;1;1;EU;0;0;8;1
VP.yoky;Virtus.pro;4;4;5.47;10;4.5;14.63;254.63;14;516;525;2;1;EU;0;1;8;1
VP.ALOHADANCE;Virtus.pro;4;4;2.45;3.63;9.25;19;76.63;2.5;325;354;3;1;EU;0;1;8;1
VP.Fng;Virtus.pro;4;4;2.59;2.75;7.88;17.63;77.63;2.88;323;406;4;1;EU;0;0;8;1
VP.Nofear;Virtus.pro;4;4;2.48;4.5;9.13;18.13;45.13;2.38;289;326;5;1;EU;0;1;8;1
Ah Jit;WarriorsGaming.Unity;5;3;7.55;8;2.5;10.88;294.88;15.38;640;652;1;1;SEA;0;1;8;1
`Timun???????;WarriorsGaming.Unity;5;3;6;8.63;2.75;7.88;229.38;22.75;597;594;2;1;SEA;0;1;8;1
Wenn.;WarriorsGaming.Unity;5;3;3.97;2.75;4;13.13;153.75;2.13;417;456;3;1;SEA;0;1;8;1
WG - ah fu - ??;WarriorsGaming.Unity;5;3;2.4;2.75;6.5;12.88;43.63;1.13;273;246;4;1;SEA;0;1;8;1
ZacKy?;WarriorsGaming.Unity;5;3;2.51;1.75;5.13;11.13;15;2.88;233;259;5;1;SEA;0;1;8;1
